{"cameraMode":{"drawMode":0,"name":"Shaded","section":"Shading Mode"},"sceneLighting":true,"audioPlay":false,"sceneViewState":{"m_AlwaysRefresh":false,"showFog":true,"showSkybox":true,"showFlares":true,"showImageEffects":true,"showParticleSystems":true,"showVisualEffectGraphs":true,"m_FxEnabled":true},"in2DMode":false,"pivot":{"x":-31.531803131103517,"y":9.142922401428223,"z":26.499330520629884},"rotation":{"x":0.14713595807552339,"y":0.09135112166404724,"z":-0.013646063394844532,"w":0.9848003387451172},"size":2.876709222793579,"orthographic":false}